{
  "cst_parameters": {
    "array_format": [
      -0.2502775005041413,
      -0.2410147606750594,
      0.17202672490845072,
      0.01756932260918876,
      0.26374675658047925,
      -0.13485946081210742,
      -0.09183947087733924,
      0.13025655384445528,
      0.3426849520300337,
      0.3171024887303829,
      0.596931330980989,
      0.42523872502012977,
      0.519281455134738,
      0.2321302135683012,
      0.2636059929227145,
      0.10407006315141797,
      0.4347346841680985,
      0.003198976129010968
    ],
    "dict_format": {
      "lower_weights": [
        -0.2502775005041413,
        -0.2410147606750594,
        0.17202672490845072,
        0.01756932260918876,
        0.26374675658047925,
        -0.13485946081210742,
        -0.09183947087733924,
        0.13025655384445528
      ],
      "upper_weights": [
        0.3426849520300337,
        0.3171024887303829,
        0.596931330980989,
        0.42523872502012977,
        0.519281455134738,
        0.2321302135683012,
        0.2636059929227145,
        0.10407006315141797
      ],
      "leading_edge_weight": 0.4347346841680985,
      "TE_thickness": 0.003198976129010968
    }
  },
  "fitness": -0.7873612569014241,
  "flight_conditions": {
    "alpha": 5,
    "Re": 1000000.0,
    "model_size": "large",
    "wanted_lists": [
      "analysis_confidence",
      "CL",
      "CD",
      "CM"
    ],
    "importance_list": [
      0.4,
      0.3,
      -0.2,
      -0.1
    ]
  }
}