{
  "cst_parameters": {
    "array_format": [
      -0.3315487637619792,
      0.001090420796500657,
      0.24122361916624635,
      0.4639458101323334,
      0.21106904620420744,
      0.1621976585609305,
      0.6760818215536815,
      0.6863598343707525,
      0.41440369884077366,
      0.32374851707011104,
      0.7175739972283496,
      0.5491450499772084,
      0.6611752308304761,
      0.9566137787432643,
      0.15877590066545338,
      0.7877589717697171,
      0.7275656294209389,
      0.006019557464741176
    ],
    "dict_format": {
      "lower_weights": [
        -0.3315487637619792,
        0.001090420796500657,
        0.24122361916624635,
        0.4639458101323334,
        0.21106904620420744,
        0.1621976585609305,
        0.6760818215536815,
        0.6863598343707525
      ],
      "upper_weights": [
        0.41440369884077366,
        0.32374851707011104,
        0.7175739972283496,
        0.5491450499772084,
        0.6611752308304761,
        0.9566137787432643,
        0.15877590066545338,
        0.7877589717697171
      ],
      "leading_edge_weight": 0.7275656294209389,
      "TE_thickness": 0.006019557464741176
    }
  },
  "fitness": -1.1397919671206935,
  "flight_conditions": {
    "alpha": 5,
    "Re": 1000000.0,
    "model_size": "large",
    "wanted_lists": [
      "analysis_confidence",
      "CL",
      "CD",
      "CM"
    ],
    "importance_list": [
      0.4,
      0.3,
      -0.2,
      -0.1
    ]
  }
}