{
  "cst_parameters": {
    "array_format": [
      -0.37550397780290184,
      -0.3985933117663723,
      -0.08214832070683797,
      0.25712790425242577,
      0.18133119600290387,
      0.18939562790134243,
      0.4478297767624728,
      0.8404804443391398,
      0.40155485190109763,
      0.4753009885770245,
      0.716869062135061,
      0.9146333439010456,
      0.06990975674697768,
      0.42047786194227504,
      0.7687331048284224,
      0.7134532832829914,
      0.740294858399205,
      0.007615128057644422
    ],
    "dict_format": {
      "lower_weights": [
        -0.37550397780290184,
        -0.3985933117663723,
        -0.08214832070683797,
        0.25712790425242577,
        0.18133119600290387,
        0.18939562790134243,
        0.4478297767624728,
        0.8404804443391398
      ],
      "upper_weights": [
        0.40155485190109763,
        0.4753009885770245,
        0.716869062135061,
        0.9146333439010456,
        0.06990975674697768,
        0.42047786194227504,
        0.7687331048284224,
        0.7134532832829914
      ],
      "leading_edge_weight": 0.740294858399205,
      "TE_thickness": 0.007615128057644422
    }
  },
  "fitness": -1.0754600321438939,
  "flight_conditions": {
    "alpha": 5,
    "Re": 1000000.0,
    "model_size": "large",
    "wanted_lists": [
      "analysis_confidence",
      "CL",
      "CD",
      "CM"
    ],
    "importance_list": [
      0.4,
      0.3,
      -0.2,
      -0.1
    ]
  }
}