{
  "cst_parameters": {
    "array_format": [
      -0.2401297283905034,
      0.10242169372210827,
      0.24084460009442094,
      0.13832599571677726,
      0.49124301731222436,
      0.48001007784523253,
      0.1792812035040941,
      0.9692852890339784,
      0.25129928614831776,
      0.3073375076507296,
      0.9448015760400935,
      0.5852680493914032,
      0.47428971866981284,
      0.3712981482804383,
      0.40103100194890307,
      0.9999905557832945,
      0.658090954740777,
      0.004422725774810726
    ],
    "dict_format": {
      "lower_weights": [
        -0.2401297283905034,
        0.10242169372210827,
        0.24084460009442094,
        0.13832599571677726,
        0.49124301731222436,
        0.48001007784523253,
        0.1792812035040941,
        0.9692852890339784
      ],
      "upper_weights": [
        0.25129928614831776,
        0.3073375076507296,
        0.9448015760400935,
        0.5852680493914032,
        0.47428971866981284,
        0.3712981482804383,
        0.40103100194890307,
        0.9999905557832945
      ],
      "leading_edge_weight": 0.658090954740777,
      "TE_thickness": 0.004422725774810726
    }
  },
  "fitness": -1.123378406872354,
  "flight_conditions": {
    "alpha": 5,
    "Re": 1000000.0,
    "model_size": "large",
    "wanted_lists": [
      "analysis_confidence",
      "CL",
      "CD",
      "CM"
    ],
    "importance_list": [
      0.4,
      0.3,
      -0.2,
      -0.1
    ]
  }
}